{
  "id": "samurai-client-1.8.9-pvp",
  "inheritsFrom": "1.8.9",
  "mainClass": "net.minecraft.launchwrapper.Launch",
  "libraries": [
    { "name": "net.minecraftforge:forge:1.8.9-11.15.1.2318-1.8.9" },
    { "name": "net.minecraft:launchwrapper:1.12" },
    { "name": "org.ow2.asm:asm-all:5.0.3" },
    
    { "name": "com.samurai.mods:OptiFine:1.8.9", "downloads": { "artifact": { "path": "com/samurai/mods/OptiFine_1.8.9_HD_U_L5.jar" } } },
    { "name": "com.samurai.mods:ComboDisplayMod:1.8.9", "downloads": { "artifact": { "path": "com/samurai/mods/ComboDisplayMod.jar" } } },
    { "name": "com.samurai.mods:LunarBlockOverlay:1.0", "downloads": { "artifact": { "path": "com/samurai/mods/Lunar Block Overlay v1.jar" } } },
    { "name": "com.samurai.mods:LunarKeystrokes:2.0", "downloads": { "artifact": { "path": "com/samurai/mods/Lunar Keystrokes V2.jar" } } },
    { "name": "com.samurai.mods:PingDisplay:1.8.9", "downloads": { "artifact": { "path": "com/samurai/mods/PingDisplay PORT.jar" } } },
    { "name": "com.samurai.mods:StatusEffectHUD:1.8.9", "downloads": { "artifact": { "path": "com/samurai/mods/StatusEffectHUD-client-1.8.9.2.jar" } } },
    { "name": "com.samurai.mods:DirectionHUD:1.24", "downloads": { "artifact": { "path": "com/samurai/mods/DirectionHUD-client-1.24.jar" } } },
    { "name": "com.samurai.mods:ItemPhysic:1.8.9", "downloads": { "artifact": { "path": "com/samurai/mods/[Minecraft-INSIDE.com] itemphysic_lite_1.jar" } } },
    { "name": "com.samurai.mods:ArmorHUD:1.8.9", "downloads": { "artifact": { "path": "com/samurai/mods/ArmorHUD-1.1-1.8.9.jar" } } },
    { "name": "com.samurai.mods:AutoTip:1.0", "downloads": { "artifact": { "path": "com/samurai/mods/AutoTipAllHypixel-1.0.jar" } } },
    { "name": "com.samurai.mods:BetterAnimationsCollection:21.0", "downloads": { "artifact": { "path": "com/samurai/mods/BetterAnimationsCollection-v21.0-1.21.jar" } } },
    { "name": "com.samurai.mods:Blur:1.8.9", "downloads": { "artifact": { "path": "com/samurai/mods/Blur-MC1.8.9-1.0.4-2.jar" } } },
    { "name": "com.samurai.mods:BossBarCustomizer:1.8.9", "downloads": { "artifact": { "path": "com/samurai/mods/Boss-bar-Customizer-Mod-Forge-1.8.9.jar" } } },
    { "name": "com.samurai.mods:CustomCrosshair:1.5.1", "downloads": { "artifact": { "path": "com/samurai/mods/custom-crosshair-mod-v1.5.1-forge-mc1.jar" } } },
    { "name": "com.samurai.mods:DamageTint:3.3.0", "downloads": { "artifact": { "path": "com/samurai/mods/DamageTint-1.8.9-forge-3.3.0.jar" } } },
    { "name": "com.samurai.mods:FPSDisplay:1.3.1", "downloads": { "artifact": { "path": "com/samurai/mods/FPS-Display-1.8.9-1.3.1.jar" } } },
    { "name": "com.samurai.mods:Fullbright:1.0.0", "downloads": { "artifact": { "path": "com/samurai/mods/Fullbright-1.0.0.jar" } } },
    { "name": "com.samurai.mods:Hitboxes:1.0.1", "downloads": { "artifact": { "path": "com/samurai/mods/Hitboxes-1.8.9-1.0.1.jar" } } },
    { "name": "com.samurai.mods:HitParticles:0.1", "downloads": { "artifact": { "path": "com/samurai/mods/hitparticles-0.1.jar" } } },
    { "name": "com.samurai.mods:FOVChanger:1.0", "downloads": { "artifact": { "path": "com/samurai/mods/hypers_fov_changer-1.8.9_1.0.jar" } } },
    { "name": "com.samurai.mods:MacroKey:2.0.1", "downloads": { "artifact": { "path": "com/samurai/mods/MacroKey Keybinding-1.8.9-2.0.1.187.jar" } } },
    { "name": "com.samurai.mods:MotionBlur:2.1.2", "downloads": { "artifact": { "path": "com/samurai/mods/Motion Blur-2.1.2 (1.8.9).jar" } } },
    { "name": "com.samurai.mods:PerspectiveMod:0.0.4", "downloads": { "artifact": { "path": "com/samurai/mods/PerspectiveModRedux-1.8.9-0.0.4.jar" } } },
    { "name": "com.samurai.mods:ReachDisplay:1.8.9", "downloads": { "artifact": { "path": "com/samurai/mods/Reach-Display-Mod-Forge-1.8.9.jar" } } },
    { "name": "com.samurai.mods:XaerosMinimap:21.10.41", "downloads": { "artifact": { "path": "com/samurai/mods/Xaero's Minimap 21.10.41_Forge_1.8.9.jar" } } }
  ],
  "arguments": {
    "game": [
      "--tweakClass",
      "net.minecraftforge.fml.common.launcher.FMLTweaker"
    ]
  }
}